Column1,Column2,Column3
0.6987716968954936	0.27516252943140906	0.6637149582518744
0.35159696836944254	0.17153821173703532	0.057463465421249915
0.26146292256783743	0.5529356654164705	0.3152262699807048
0.10865895262919989	0.08562843803023035	0.9384265754576471
0.019702189288386962 0.5323231847592256	0.6166020461934781
