Column1,Column2,Column3
0.9515241494905509,0.8241807516663567,0.9526455912400582
0.07705532552393168,0.938022930767469,0.5021460398396506
0.8794846089466261,0.8025842607529313,0.041133476964031246
0.000498287698272537,0.6725750658358608,0.12543355935673828
0.24704775525328815,0.21731079726629798,0.3030233506078984
